LDrZyjX, LDrZyjXBK9zHK8vFX29i4VOfFqJirwq
81APxJ5, 81APxJ5laIK52VNlzTAv0TMeeY3EKWi
HtxoRrL, HtxoRrLlXJpbT741hbayF3C4PsNUG99
gVCdoxZ, gVCdoxZ5PABnOGTvkeif8Jw5Rec8y2x
CpkSk1h, CpkSk1hc9eIsSH1sOjyCG9WzdbCJ9eh
Ubku5sU, Ubku5sUYcjpUmDeQGH9X4T81Xgdeo51
sbqe82Z, sbqe82ZD9MZ0M7ziUVJsY2Ra3RtVhgG
Pkj8waL, Pkj8waLk5WRJlolb1371ntSbW9iVmnK
GHNheoN, GHNheoNkOhj6KFFKpmh6ktcMKMLA64a
k7rCDMl, k7rCDMlhfUeEbXre0BqstGplxRc2llK
mVxMeXy, mVxMeXyvRwj09LBkji5FRURnxjOuqcJ
r7UvcLy, r7UvcLyqZjWNxl2ovLsUj1IWIxCIpJl
rUkvlbn, rUkvlbnMf87x7HYtgSyYd5BFfSTOfce
Ll6UpLb, Ll6UpLb7k6Spu8cJ7qleTH0xoGuFnDq
yCbKWDf, yCbKWDfUwrmb1aByXCLIPLuvtDeS0ys
OWjMGOU, OWjMGOUlROHVm5PVkYVrgiHENdu5wbg
jhIL23Y, jhIL23YdINV4axPkLchNXviw73c0UQt
ZG2aPjo, ZG2aPjo39L4LMQ3oTJVNuymMmBhbGK9
kznMzQv, kznMzQvP1hA5Ttm4GZawv5RPF0RQlAD
rk2ft2r, rk2ft2rxTbvUY1jYKnWT238PYRPNXd9
rzmtzhX, rzmtzhXVmTPSJ1B4RzkSZtsH9APhRN9
fNrVTne, fNrVTne6gwl3HFhE1IhMNxViml1zZt2
35P7Frf, 35P7FrfR9i5hf27TasKsIxi56ZWAuIn
sfUnkSN, sfUnkSN9T1wvPfA4xIh0Ja3rWw6w2cw
smRNcX2, smRNcX2O4EKyWNyBsMvgwluKWOXsyV3
z8upGB3, z8upGB34MNNk6RTGW6GdI1kIpKhaE1C
MGZ5nRt, MGZ5nRt6vZTWHlhonMSVNSxd2zjw2uc
Nutgul9, Nutgul9dugBJMCD2ntmd6OZQjimGhpJ
W2w5nrs, W2w5nrssfZXLQScU97paKss7Knu1CWs
SwjJkGV, SwjJkGVQ8pF58vP6YIGyMGhOSgGUfGr
vL3WEYi, vL3WEYiwULe23mFNvgwFIVXCjZDgozT
HtuAzxP, HtuAzxPpE6Yjvjb9dbP6HR7dR21DF5i
QZD227t, QZD227txT7FtZymDudYRoQm2yPFK1nU
37dMwmN, 37dMwmNlwfZCTWrAnB9RVuwGAXG8DRD
XIKtsAY, XIKtsAYyXbJ3O2TW1fcGVXsRpyzKoPv
dGQvzX2, dGQvzX27SMUUkGIcSPnNBtmTqt5KPdG
bPTsJOa, bPTsJOaUEGQrxKObUa3Gpr8IFAU419g
k7SeceS, k7SeceSNErPxr7WmmpgE64KUWV7xkju
W6oHS6j, W6oHS6jBJUopppmCEtySOXQYhMewOKg
7HW5KBE, 7HW5KBExtYD7VQmHOppZcxEOywZjh6r
hxSAFI8, hxSAFI8zlWHCe4xJpdROFfaOwTjnKdu
ZvqJ9vp, ZvqJ9vpTzJIK4k80VsZk9DKdJwc33SK
fPUyHv3, fPUyHv35gH4spnqP0mQsfPkdSq6Q7bv
aXGai5d, aXGai5dG2C1Ld1OYm4UIx7ye0nCPzSm
UeoYka4, UeoYka4VohXGvFjF4jY2N49GYm3SsEi
HP0Aas2, HP0Aas2bpuG8NvID89hhmojAZhKOm1P
LebDZe0, LebDZe0iB7rbEQSwS8bgjFFPtWqTSZH
Y6k3bEX, Y6k3bEXQCLZEHxjkL34SNExlmpOhUdL
pqc7tmJ, pqc7tmJG9rSss801SbLxssOi9y8PSEM
z2PfiCE, z2PfiCEzTuu3GeNb15zab8Gt047CZ9K
